PHY,PRR,PDR,Beating_Frequency
PHY_BLE_2M,55.991516436903495,88.44221105527639,3944
