PHY,PRR,PDR,Beating_Frequency
PHY_BLE_125K,12.781954887218044,54.2713567839196,922
