PHY,PRR,PDR,Beating_Frequency
,48.540856031128406,83.08457711442786,4435
