PHY,PRR,PDR,Beating_Frequency
,44.54545454545455,81.59203980099502,989
