PHY,PRR,PDR,Beating_Frequency
,64.26966292134831,95.97989949748744,1478
