PHY,PRR,PDR,Beating_Frequency
,31.360946745562128,87.8048780487805,152
