PHY,PRR,PDR,Beating_Frequency
,36.333333333333336,94.87179487179486,160
