PHY,PRR,PDR,Beating_Frequency
,30.63583815028902,87.8048780487805,72
