PHY,PRR,PDR,Beating_Frequency
,27.58620689655172,89.74358974358975,908
