PHY,PRR,PDR,Beating_Frequency
PHY_BLE_2M,6.638477801268499,27.17948717948718,984
