PHY,PRR,PDR,Beating_Frequency
,59.195402298850574,89.74358974358975,7038
