PHY,PRR,PDR,Beating_Frequency
PHY_BLE_2M,57.434052757793765,88.88888888888889,985
