PHY,PRR,PDR,Beating_Frequency
,54.64876033057852,88.05970149253731,988
