PHY,PRR,PDR,Beating_Frequency
,83.30995792426367,99.49748743718592,1037
