PHY,PRR,PDR,Beating_Frequency
,73.07692307692307,97.43589743589745,2006
