PHY,PRR,PDR,Beating_Frequency
,37.086092715231786,92.6829268292683,1695
