PHY,PRR,PDR,Beating_Frequency
,35.880398671096344,94.73684210526316,1641
