PHY,PRR,PDR,Beating_Frequency
PHY_BLE_1M,49.74426974805834,99.54545454545456,2952
