PHY,PRR,PDR,Beating_Frequency
PHY_BLE_2M,61.45124716553288,90.95477386934674,3962
