PHY,PRR,PDR,Beating_Frequency
,24.660397074190172,79.39698492462311,246
