PHY,PRR,PDR,Beating_Frequency
,29.44507361268403,86.56716417910447,123
