PHY,PRR,PDR,Beating_Frequency
PHY_BLE_2M,1.7135023989033584,12.592592592592592,3937
