PHY,PRR,PDR,Beating_Frequency
,57.22222222222222,85.36585365853658,3533
