PHY,PRR,PDR,Beating_Frequency
,66.44736842105263,89.47368421052632,4709
