PHY,PRR,PDR,Beating_Frequency
,60.91954022988506,87.8048780487805,1004
