PHY,PRR,PDR,Beating_Frequency
,63.25301204819277,92.10526315789474,1088
