PHY,PRR,PDR,Beating_Frequency
,59.88372093023256,85.36585365853658,5964
