PHY,PRR,PDR,Beating_Frequency
,69.77829638273046,99.50248756218906,246
