PHY,PRR,PDR,Beating_Frequency
,71.42857142857143,95.1219512195122,1297
