PHY,PRR,PDR,Beating_Frequency
,61.452513966480446,94.87179487179486,595
