PHY,PRR,PDR,Beating_Frequency
PHY_BLE_2M,75.08426966292134,95.4983922829582,985
