PHY,PRR,PDR,Beating_Frequency
PHY_BLE_2M,0.0368595650571323,5.263157894736842,1015
