PHY,PRR,PDR,Beating_Frequency
PHY_BLE_125K,14.525796215771535,57.94655414908579,615
