PHY,PRR,PDR,Beating_Frequency
PHY_BLE_125K,18.589132507149667,65.32663316582915,1107
