PHY,PRR,PDR,Beating_Frequency
PHY_BLE_500K,61.61825726141079,99.49748743718592,246
