PHY,PRR,PDR,Beating_Frequency
PHY_BLE_2M,85.98429776097703,99.89868287740627,985
