PHY,PRR,PDR,Beating_Frequency
,66.39722863741339,96.96969696969695,987
