PHY,PRR,PDR,Beating_Frequency
,43.88686131386861,80.09950248756219,4440
