PHY,PRR,PDR,Beating_Frequency
PHY_BLE_1M,75.26329309016184,99.89775051124744,492
