PHY,PRR,PDR,Beating_Frequency
,30.447761194029848,89.47368421052632,294
