PHY,PRR,PDR,Beating_Frequency
PHY_BLE_125K,18.91891891891892,66.83417085427136,184
