PHY,PRR,PDR,Beating_Frequency
,62.84403669724771,91.95979899497488,986
