PHY,PRR,PDR,Beating_Frequency
PHY_BLE_1M,45.785440613026815,80.40201005025126,3938
