PHY,PRR,PDR,Beating_Frequency
PHY_BLE_1M,53.105590062111794,85.92964824120602,3938
