PHY,PRR,PDR,Beating_Frequency
PHY_BLE_125K,18.064516129032256,65.82914572864321,922
