PHY,PRR,PDR,Beating_Frequency
PHY_BLE_2M,55.425531914893625,87.43718592964824,3937
