PHY,PRR,PDR,Beating_Frequency
PHY_BLE_2M,0.043010752688172,0.8438818565400843,52165
