PHY,PRR,PDR,Beating_Frequency
,68.48484848484848,97.43589743589745,2250
