PHY,PRR,PDR,Beating_Frequency
PHY_BLE_1M,47.47378455672069,83.41708542713567,3942
