PHY,PRR,PDR,Beating_Frequency
PHY_BLE_2M,64.83253588516746,90.95477386934674,3940
