PHY,PRR,PDR,Beating_Frequency
,58.75706214689266,89.74358974358975,1065
