PHY,PRR,PDR,Beating_Frequency
PHY_BLE_125K,15.454224938300625,59.56580732700135,984
