PHY,PRR,PDR,Beating_Frequency
PHY_BLE_1M,50.45965270684371,82.91457286432161,3948
