PHY,PRR,PDR,Beating_Frequency
PHY_BLE_500K,69.01901901901903,94.55292908530318,1230
