PHY,PRR,PDR,Beating_Frequency
PHY_IEEE,67.2316384180791,99.00497512437812,252
