PHY,PRR,PDR,Beating_Frequency
,72.72727272727273,92.6829268292683,1082
