PHY,PRR,PDR,Beating_Frequency
PHY_BLE_125K,40.73460370063518,99.09365558912388,922
