PHY,PRR,PDR,Beating_Frequency
,79.72972972972973,97.5609756097561,1620
