PHY,PRR,PDR,Beating_Frequency
PHY_BLE_125K,29.03188804771737,84.73895582329317,123
