PHY,PRR,PDR,Beating_Frequency
PHY_BLE_1M,47.92671166827387,83.41708542713567,3944
