PHY,PRR,PDR,Beating_Frequency
PHY_BLE_125K,1.9943019943019944,14.912280701754383,1168
