PHY,PRR,PDR,Beating_Frequency
,62.16216216216216,95.1219512195122,1075
