PHY,PRR,PDR,Beating_Frequency
,24.17302798982188,82.05128205128204,655
