PHY,PRR,PDR,Beating_Frequency
,24.43324937027708,80.48780487804879,463
