PHY,PRR,PDR,Beating_Frequency
PHY_BLE_1M,97.8102189781022,99.44444444444444,16355
