PHY,PRR,PDR,Beating_Frequency
PHY_IEEE,93.73228346456692,99.2992992992993,592
