PHY,PRR,PDR,Beating_Frequency
,77.62237762237763,97.36842105263158,958
