PHY,PRR,PDR,Beating_Frequency
,36.01398601398601,89.74358974358975,626
