PHY,PRR,PDR,Beating_Frequency
,65.29411764705883,97.36842105263158,563
