PHY,PRR,PDR,Beating_Frequency
,54.63917525773196,87.8048780487805,3013
