PHY,PRR,PDR,Beating_Frequency
,22.110552763819097,76.92307692307693,953
