PHY,PRR,PDR,Beating_Frequency
,27.027027027027028,82.92682926829268,1310
