PHY,PRR,PDR,Beating_Frequency
,64.84848484848484,94.73684210526316,1351
