PHY,PRR,PDR,Beating_Frequency
,26.75438596491228,81.90954773869346,61
