PHY,PRR,PDR,Beating_Frequency
,26.164079822616408,78.60696517412936,1722
