PHY,PRR,PDR,Beating_Frequency
,30.700712589073635,86.06965174129353,123
