PHY,PRR,PDR,Beating_Frequency
PHY_BLE_125K,87.33572281959378,98.8843813387424,61
