PHY,PRR,PDR,Beating_Frequency
PHY_BLE_1M,48.96755162241888,83.41708542713567,3940
