PHY,PRR,PDR,Beating_Frequency
PHY_BLE_125K,18.674987998079693,65.32663316582915,799
