PHY,PRR,PDR,Beating_Frequency
,81.38888888888889,98.4924623115578,1007
