PHY,PRR,PDR,Beating_Frequency
PHY_BLE_1M,70.02403846153847,98.37892603850052,3446
