PHY,PRR,PDR,Beating_Frequency
PHY_BLE_125K,18.970448045757863,66.83417085427136,123
