PHY,PRR,PDR,Beating_Frequency
PHY_BLE_125K,19.867862199150544,70.1492537313433,184
