PHY,PRR,PDR,Beating_Frequency
,67.70186335403726,94.87179487179486,629
