PHY,PRR,PDR,Beating_Frequency
,68.04733727810651,95.1219512195122,1146
