PHY,PRR,PDR,Beating_Frequency
,56.80473372781065,84.21052631578947,503
