PHY,PRR,PDR,Beating_Frequency
,67.28395061728395,94.87179487179486,2498
