PHY,PRR,PDR,Beating_Frequency
,74.68354430379746,97.5609756097561,2128
