PHY,PRR,PDR,Beating_Frequency
,73.68421052631578,97.43589743589745,1716
