PHY,PRR,PDR,Beating_Frequency
PHY_BLE_125K,23.403052572074618,76.66666666666667,369
