PHY,PRR,PDR,Beating_Frequency
,25.474254742547423,78.04878048780488,950
