PHY,PRR,PDR,Beating_Frequency
,24.871794871794872,80.48780487804879,570
