PHY,PRR,PDR,Beating_Frequency
PHY_BLE_2M,62.013729977116704,90.95477386934674,3954
