PHY,PRR,PDR,Beating_Frequency
PHY_BLE_1M,61.945205479452056,84.05797101449275,492
