PHY,PRR,PDR,Beating_Frequency
PHY_BLE_500K,39.12793207655778,94.67640918580376,10088
