PHY,PRR,PDR,Beating_Frequency
PHY_BLE_1M,58.51293103448276,90.95477386934674,3958
