PHY,PRR,PDR,Beating_Frequency
PHY_BLE_500K,51.83199285075961,99.7936016511868,8858
