PHY,PRR,PDR,Beating_Frequency
PHY_BLE_500K,62.58741258741259,99.44444444444444,246
