PHY,PRR,PDR,Beating_Frequency
,30.247268545140887,88.44221105527639,61
