PHY,PRR,PDR,Beating_Frequency
,31.502890173410403,90.2439024390244,71
