PHY,PRR,PDR,Beating_Frequency
,29.799426934097426,89.74358974358975,355
