PHY,PRR,PDR,Beating_Frequency
PHY_BLE_125K,18.87323943661972,67.33668341708542,61
