PHY,PRR,PDR,Beating_Frequency
PHY_BLE_1M,83.78681626928471,99.89969909729189,493
