PHY,PRR,PDR,Beating_Frequency
,72.5609756097561,99.00497512437812,492
