PHY,PRR,PDR,Beating_Frequency
PHY_BLE_2M,59.51595159515952,90.95477386934674,3942
