PHY,PRR,PDR,Beating_Frequency
,53.80434782608695,86.8421052631579,525
