PHY,PRR,PDR,Beating_Frequency
PHY_BLE_125K,21.45471180237877,78.1094527363184,553
