PHY,PRR,PDR,Beating_Frequency
,43.203883495145625,78.94736842105263,8390
