PHY,PRR,PDR,Beating_Frequency
PHY_BLE_1M,52.004581901489125,84.44444444444444,8880
