PHY,PRR,PDR,Beating_Frequency
,59.21787709497208,87.8048780487805,9090
