PHY,PRR,PDR,Beating_Frequency
,46.728971962616825,82.92682926829268,4077
