PHY,PRR,PDR,Beating_Frequency
PHY_BLE_2M,58.57142857142858,89.44723618090453,3942
