PHY,PRR,PDR,Beating_Frequency
,29.253731343283583,86.8421052631579,442
