PHY,PRR,PDR,Beating_Frequency
,30.96590909090909,90.2439024390244,607
