PHY,PRR,PDR,Beating_Frequency
,27.688172043010752,85.36585365853658,1041
