PHY,PRR,PDR,Beating_Frequency
PHY_IEEE,58.08678500986193,98.0099502487562,252
