PHY,PRR,PDR,Beating_Frequency
,31.384615384615383,89.47368421052632,1484
