PHY,PRR,PDR,Beating_Frequency
PHY_BLE_500K,4.766983043617361,25.42662116040956,6151
